{"cameraMode":{"drawMode":0,"name":"Shaded","section":"Shading Mode"},"sceneLighting":false,"audioPlay":false,"sceneViewState":{"m_AlwaysRefresh":false,"showFog":true,"showSkybox":false,"showFlares":true,"showImageEffects":true,"showParticleSystems":true,"showVisualEffectGraphs":true,"m_FxEnabled":true},"in2DMode":false,"pivot":{"x":0.2990644574165344,"y":0.934662938117981,"z":-0.5079468488693237},"rotation":{"x":-0.01847819611430168,"y":0.9415516257286072,"z":-0.05230223387479782,"w":-0.33237171173095705},"size":0.7511120438575745,"orthographic":false}