{"cameraMode":{"drawMode":0,"name":"Shaded","section":"Shading Mode"},"sceneLighting":true,"audioPlay":false,"sceneViewState":{"m_AlwaysRefresh":false,"showFog":true,"showSkybox":true,"showFlares":true,"showImageEffects":true,"showParticleSystems":true,"showVisualEffectGraphs":true,"m_FxEnabled":true},"in2DMode":false,"pivot":{"x":-1.1938296556472779,"y":0.07957132160663605,"z":-0.5522429943084717},"rotation":{"x":0.1992613524198532,"y":-0.7913155555725098,"z":0.33446598052978518,"w":0.4714340567588806},"size":7.170719623565674,"orthographic":false}